Comment,Designator,Footprint,LCSC,Quantity
0.1uF,"C108,C109,C111,C113,C114,C116,C301,C302,C401,C402,C501,C502,C601,C602",C_0603_1608Metric,C14663,14
0.1uF,"C112,C202",C_0805_2012Metric,C49678,2
100K,"R104,R106,R201",R_0603_1608Metric,C25803,3
10K,"R101,R102,R105,R203",R_0603_1608Metric,C25804,4
10nF,"C102,C103",C_0603_1608Metric,C57112,2
10uF,"C101,C104,C107,C201,C203,C204",C_1206_3216Metric,C13585,6
120,"R301,R401,R501",R_0603_1608Metric,C22787,3
12pF,"C105,C106",C_0603_1608Metric,C38523,2
1N4148WS,D107,D_SOD-323,C2128,1
1uF,"C110,C115",C_0805_2012Metric,C28323,2
22uH,L201,FNR5040S220MT,C167971,1
27,"R603,R604",R_0603_1608Metric,C25190,2
2K,R103,R_0603_1608Metric,C22975,1
5.1K,"R601,R602",R_0603_1608Metric,C23186,2
54.9K,R202,R_0603_1608Metric,C728593,1
8Mhz,Y101,Crystal_SMD_3225-4Pin_3.2x2.5mm,C2682775,1
AO3401A,Q101,SOT-23,C15127,1
BAT54S,D105,SOT-23,C83935,1
BLM21BD471SN1D,L101,L_0805_2012Metric,C2844596,1
BLM21PG221SN1D,FB601,L_0805_2012Metric,C85840,1
BOOT0,SW101,SW_Push_SPST_NO_Alps_SKRK,C115357,1
BZT52C16S,D101,D_SOD-323,C19077449,1
LMR16006Y,U201,SOT-23-6,C290195,1
LP2985-3.3,U101,SOT-23-5,C95414,1
NUP2105L,"D301,D401,D501",SOT-23,C14486,3
SS14FL,D202,D_SMA,C111580,1
STM32G474CBTx,U102,LQFP-48_7x7mm_P0.5mm,C730123,1
SWD,J106,PinHeader_2x05_P1.27mm_Vertical_SMD,C42372555,1
TJA1051T-3,"U301,U401,U501",SOIC-8_3.9x4.9mm_P1.27mm,C3234095,3
USBLC6-2SC6,U601,SOT-23-6,C7519,1
USB_C_Receptacle_USB2.0,J601,USB_C_Receptacle_XKB_U262-16XN-4BVC11,C319148,1
WS2812B-2020,"D102,D104,D106",LED_WS2812B-2020_PLCC4_2.0x2.0mm,C965555,3
