Designator,Val,Package,Mid X,Mid Y,Rotation,Layer
C101,10uF,C_1206_3216Metric,143.85,-110.35,-90.0,top
C102,10nF,C_0603_1608Metric,125.0875,-99.35,90.0,top
C103,10nF,C_0603_1608Metric,150.725,-111.6,0.0,top
C104,10uF,C_1206_3216Metric,151.525,-109.5,0.0,top
C105,12pF,C_0603_1608Metric,141.275,-92.6,180.0,top
C106,12pF,C_0603_1608Metric,141.125,-98.5,0.0,top
C107,10uF,C_1206_3216Metric,151.55,-107.1,0.0,top
C108,0.1uF,C_0603_1608Metric,154.85,-92.25,0.0,top
C109,0.1uF,C_0603_1608Metric,143.5,-99.175,-90.0,top
C110,1uF,C_0805_2012Metric,146.8,-103.35,-90.0,top
C111,0.1uF,C_0603_1608Metric,154.3,-100.8,0.0,top
C112,0.1uF,C_0805_2012Metric,148.8,-103.35,-90.0,top
C113,0.1uF,C_0603_1608Metric,146.1,-90.3,0.0,top
C114,0.1uF,C_0603_1608Metric,144.325,-91.9,180.0,top
C115,1uF,C_0805_2012Metric,152.5,-103.4,-90.0,top
C116,0.1uF,C_0603_1608Metric,150.7,-103.175,-90.0,top
C201,10uF,C_1206_3216Metric,131.5,-101.9,90.0,top
C202,0.1uF,C_0805_2012Metric,138.45,-105.75,-90.0,top
C203,10uF,C_1206_3216Metric,141.1,-110.375,-90.0,top
C204,10uF,C_1206_3216Metric,138.7,-110.375,-90.0,top
C301,0.1uF,C_0603_1608Metric,137.55,-95.2,-90.0,top
C302,0.1uF,C_0603_1608Metric,133.925,-91.78,0.0,top
C401,0.1uF,C_0603_1608Metric,155.22,-108.225,90.0,top
C402,0.1uF,C_0603_1608Metric,159.875,-111.6,180.0,top
C501,0.1uF,C_0603_1608Metric,158.975,-98.145,90.0,top
C502,0.1uF,C_0603_1608Metric,163.55,-101.745,180.0,top
C601,0.1uF,C_0603_1608Metric,155.35,-85.475,90.0,top
C602,0.1uF,C_0603_1608Metric,152.825,-88.85,180.0,top
D101,BZT52C16S,D_SOD-323,125.2375,-102.5,90.0,top
D102,WS2812B-2020,LED_WS2812B-2020_PLCC4_2.0x2.0mm,152.3,-83.2,0.0,top
D104,WS2812B-2020,LED_WS2812B-2020_PLCC4_2.0x2.0mm,146.9,-83.2,0.0,top
D105,BAT54S,SOT-23,143.95,-103.1125,270.0,top
D106,WS2812B-2020,LED_WS2812B-2020_PLCC4_2.0x2.0mm,141.5,-83.2,0.0,top
D107,1N4148WS,D_SOD-323,153.4,-86.4,-90.0,top
D202,SS14FL,D_SMA,130.3,-107.95,-90.0,top
D301,NUP2105L,SOT-23,126.2625,-91.9,180.0,top
D401,NUP2105L,SOT-23,168.1125,-104.3,0.0,top
D501,NUP2105L,SOT-23,168.15,-92.3,0.0,top
FB601,BLM21PG221SN1D,L_0805_2012Metric,155.25,-88.7875,90.0,top
J106,SWD,PinHeader_2x05_P1.27mm_Vertical_SMD,133.43,-86.4,180.0,top
J601,USB_C_Receptacle_USB2.0,USB_C_Receptacle_XKB_U262-16XN-4BVC11,161.95,-84.835,180.0,top
L101,BLM21BD471SN1D,L_0805_2012Metric,155.3375,-102.6,270.0,top
L201,22uH,FNR5040S220MT,134.799201,-108.65,270.0,top
Q101,AO3401A,SOT-23,128.2,-102.6,180.0,top
R101,10K,R_0603_1608Metric,127.3875,-100.1,0.0,top
R102,10K,R_0603_1608Metric,130.425,-98.8,0.0,top
R103,2K,R_0603_1608Metric,133.525,-98.8,0.0,top
R104,100K,R_0603_1608Metric,137.175,-91.5,0.0,top
R105,10K,R_0603_1608Metric,141.175,-100.15,180.0,top
R106,100K,R_0603_1608Metric,130.925,-91.75,0.0,top
R201,100K,R_0603_1608Metric,134.2,-101.25,0.0,top
R202,54.9K,R_0603_1608Metric,138.05,-100.475,-90.0,top
R203,10K,R_0603_1608Metric,136.55,-100.475,90.0,top
R301,120,R_0603_1608Metric,126.9,-94.6,180.0,top
R401,120,R_0603_1608Metric,165.35,-104.325,-90.0,top
R501,120,R_0603_1608Metric,168.675,-94.85,0.0,top
R601,5.1K,R_0603_1608Metric,165.625,-89.75,180.0,top
R602,5.1K,R_0603_1608Metric,158.225,-89.8,0.0,top
R603,27,R_0603_1608Metric,157.075,-95.5,0.0,top
R604,27,R_0603_1608Metric,157.075,-93.85,0.0,top
SW101,BOOT0,SW_Push_SPST_NO_Alps_SKRK,144.85,-87.6,180.0,top
U101,LP2985-3.3,SOT-23-5,147.1,-110.8,180.0,top
U102,STM32G474CBTx,LQFP-48_7x7mm_P0.5mm,149.55,-96.2375,270.0,top
U201,LMR16006Y,SOT-23-6,134.95,-103.75,90.0,top
U301,TJA1051T-3,SOIC-8_3.9x4.9mm_P1.27mm,133.05,-95.275,90.0,top
U401,TJA1051T-3,SOIC-8_3.9x4.9mm_P1.27mm,159.725,-108.055,270.0,top
U501,TJA1051T-3,SOIC-8_3.9x4.9mm_P1.27mm,163.575,-98.195,270.0,top
U601,USBLC6-2SC6,SOT-23-6,161.9125,-91.15,180.0,top
Y101,8Mhz,Crystal_SMD_3225-4Pin_3.2x2.5mm,141.176777,-95.521142,90.0,top
